Speed,Angle,Rim_Center_X
105,61.69924423399363,289
105,63.29098988085001,477
105,71.44976807407227,290
94.03658862379048,80.69794528870118,227
105,52.1250163489018,574
105,64.3741397686576,581
105,61.270731215544814,461
78.46527894553107,73.4126614430726,252
105,55.92280471986926,572
66.60690654879568,65.89776549883887,497
104.88241034606327,68.52320902045962,352
76.21863289248897,69.09201952899035,203
92.44068368418746,66.54097591853844,387
105,68.65131332664217,545
105,67.42916865531897,431
